scenario,p1,p2,iterations,replicates,pooled_success,wilson95_low,wilson95_high,R99,total_iter_99,depth
ideal,0.0,0.0,3,0.175292968750;0.181396484375;0.176757812500,0.17781575520833334,0.17115627655419766,0.18467661255958126,24,72,3687
ideal,0.0,0.0,6,0.522460937500;0.529052734375;0.531005859375,0.5275065104166666,0.5186721635045567,0.5363236646034358,7,42,7395
ideal,0.0,0.0,9,0.855712890625;0.855957031250;0.864013671875,0.8585611979166666,0.8522877121706399,0.8646105678406483,3,27,11103
ideal,0.0,0.0,12,0.999755859375;1.000000000000;1.000000000000,0.9999186197916666,0.999539135179676,0.999985634250497,1,12,14811
mild,0.00001,0.0001,3,0.138671875000;0.139160156250;0.141357421875,0.13972981770833334,0.13371220663677594,0.14597261278901322,31,93,3687
mild,0.00001,0.0001,6,0.357421875000;0.359130859375;0.358154296875,0.3582356770833333,0.3498034582922077,0.3667565045358303,11,66,7395
mild,0.00001,0.0001,9,0.478027343750;0.478515625000;0.479492187500,0.4786783854166667,0.4698539547336807,0.4875161430050943,8,72,11103
mild,0.00001,0.0001,12,0.522705078125;0.522705078125;0.524902343750,0.5234375,0.5146007565347493,0.5322595940424751,7,84,14811
strong,0.0001,0.001,3,0.027832031250;0.027343750000;0.027587890625,0.027587890625,0.024836264651233373,0.030634794026585883,165,495,3687
strong,0.0001,0.001,6,0.023681640625;0.023437500000;0.023437500000,0.023518880208333332,0.020984611201156845,0.02635096994589427,194,1164,7395
strong,0.0001,0.001,9,0.019775390625;0.020507812500;0.020507812500,0.020263671875,0.017918208721436003,0.0229089904010006,225,2025,11103
strong,0.0001,0.001,12,0.014892578125;0.014160156250;0.013916015625,0.014322916666666666,0.012368724095708602,0.01658067783180652,320,3840,14811
