scenario,p1,p2,iterations,requested_seed,effective_seed,correct,shots,success,depth,elapsed_s
ideal,0.0,0.0,3,101,101,718,4096,0.17529296875,3687,9.87
ideal,0.0,0.0,3,202,202,743,4096,0.181396484375,3687,9.86
ideal,0.0,0.0,3,303,303,724,4096,0.1767578125,3687,9.97
ideal,0.0,0.0,6,101,101,2140,4096,0.5224609375,7395,17.75
ideal,0.0,0.0,6,202,202,2167,4096,0.529052734375,7395,17.43
ideal,0.0,0.0,6,303,303,2175,4096,0.531005859375,7395,18.27
ideal,0.0,0.0,9,101,101,3505,4096,0.855712890625,11103,23.66
ideal,0.0,0.0,9,202,202,3506,4096,0.85595703125,11103,18.33
ideal,0.0,0.0,9,303,303,3539,4096,0.864013671875,11103,17.73
ideal,0.0,0.0,12,101,101,4095,4096,0.999755859375,14811,28.16
ideal,0.0,0.0,12,202,202,4096,4096,1.0,14811,26.42
ideal,0.0,0.0,12,303,303,4096,4096,1.0,14811,26.02
mild,1e-05,0.0001,3,101,101,568,4096,0.138671875,3687,119.79
mild,1e-05,0.0001,3,202,202,570,4096,0.13916015625,3687,122.58
mild,1e-05,0.0001,3,303,303,579,4096,0.141357421875,3687,120.87
mild,1e-05,0.0001,6,101,101,1464,4096,0.357421875,7395,234.39
mild,1e-05,0.0001,6,202,202,1471,4096,0.359130859375,7395,233.66
mild,1e-05,0.0001,6,303,303,1467,4096,0.358154296875,7395,227.37
mild,1e-05,0.0001,9,101,101,1958,4096,0.47802734375,11103,349.75
mild,1e-05,0.0001,9,202,202,1960,4096,0.478515625,11103,342.67
mild,1e-05,0.0001,9,303,303,1964,4096,0.4794921875,11103,348.42
mild,1e-05,0.0001,12,101,101,2141,4096,0.522705078125,14811,457.77
mild,1e-05,0.0001,12,202,202,2141,4096,0.522705078125,14811,466.51
mild,1e-05,0.0001,12,303,303,2150,4096,0.52490234375,14811,473.6
strong,0.0001,0.001,3,101,101,114,4096,0.02783203125,3687,127.58
strong,0.0001,0.001,3,202,202,112,4096,0.02734375,3687,120.88
strong,0.0001,0.001,3,303,303,113,4096,0.027587890625,3687,117.22
strong,0.0001,0.001,6,101,101,97,4096,0.023681640625,7395,235.9
strong,0.0001,0.001,6,202,202,96,4096,0.0234375,7395,236.68
strong,0.0001,0.001,6,303,303,96,4096,0.0234375,7395,229.68
strong,0.0001,0.001,9,101,101,81,4096,0.019775390625,11103,341.1
strong,0.0001,0.001,9,202,202,84,4096,0.0205078125,11103,351.01
strong,0.0001,0.001,9,303,303,84,4096,0.0205078125,11103,353.34
strong,0.0001,0.001,12,101,101,61,4096,0.014892578125,14811,460.22
strong,0.0001,0.001,12,202,202,58,4096,0.01416015625,14811,461.03
strong,0.0001,0.001,12,303,303,57,4096,0.013916015625,14811,468.53
