scenario,component,p1,p2,p3,trials,success,ci95_low,ci95_high
ideal,Sb0,0.0,0.0,0.0,16000,1.0,0.999759957634172,1.0
ideal,S-XOR,0.0,0.0,0.0,7680,1.0,0.9995000417499496,1.0
ideal,KeyAdd,0.0,0.0,0.0,20000,1.0,0.9998079568876411,1.0
ideal,Round1,0.0,0.0,0.0,3000,1.0,0.9987211043351955,1.0000000000000002
low,Sb0,0.0001,0.0001,0.0002,16000,0.998625,0.9979188530899312,0.9990917646607467
low,S-XOR,0.0001,0.0001,0.0002,7680,0.997265625,0.9958232193308664,0.9982108065657632
low,KeyAdd,0.0001,0.0001,0.0002,20000,0.99945,0.999015313518551,0.9996928546165137
low,Round1,0.0001,0.0001,0.0002,3000,0.954,0.9459053827422866,0.9609333799940708
medium,Sb0,0.0005,0.0005,0.001,16000,0.9940625,0.9927477209258914,0.9951400872113748
medium,S-XOR,0.0005,0.0005,0.001,7680,0.9859375,0.9830505360027989,0.9883385670729333
medium,KeyAdd,0.0005,0.0005,0.001,20000,0.9983,0.997625447563954,0.9987831622702691
medium,Round1,0.0005,0.0005,0.001,3000,0.7853333333333333,0.7702804796407795,0.7996563638998387
high,Sb0,0.001,0.001,0.002,16000,0.9876875,0.9858578818174043,0.9892829868600262
high,S-XOR,0.001,0.001,0.002,7680,0.971875,0.9679348267825894,0.9753433376189256
high,KeyAdd,0.001,0.001,0.002,20000,0.9966,0.9956923372716634,0.9973169255091417
high,Round1,0.001,0.001,0.002,3000,0.6256666666666667,0.6081983444509124,0.642813559772
very_high,Sb0,0.005,0.005,0.01,16000,0.9449375,0.941295026419061,0.9483663658806477
very_high,S-XOR,0.005,0.005,0.01,7680,0.8720052083333333,0.8643468726418151,0.8792915698789154
very_high,KeyAdd,0.005,0.005,0.01,20000,0.9862,0.9844872644205256,0.9877259928570166
very_high,Round1,0.005,0.005,0.01,3000,0.09633333333333334,0.08628556175992984,0.10741360000678919
