iterations,success_probability,expected_count,count_sd,approx95_low,approx95_high,prob_count_ge_100
0,0.003906249999999999,3.999999999999999,1.9960899278339137,0.08766374144552813,7.91233625855447,3.238736161765039e-102
1,0.034790992736816406,35.6259765625,5.86400148965466,24.132533642776867,47.11941948222314,9.967619014411282e-20
2,0.0946377220097929,96.90902733802793,9.366844599360673,78.550011923281,115.26804275277485,0.38595228413893373
3,0.17972062825725743,184.0339233354316,12.286546748901413,159.95229170758483,208.11555496327838,0.9999999999999325
4,0.28474280203265145,291.5766292814351,14.441339371838183,263.27160411263225,319.88165445023793,1.0
5,0.40316599765415717,412.84198159785694,15.69707400165514,382.0757165546129,443.608246641101,1.0
6,0.5276176773084243,540.2805015638265,15.97557379982609,508.9683769161674,571.5926262114857,1.0
7,0.650349994727914,665.9583946013839,15.259500522080131,636.0497735781069,695.867015624661,1.0
8,0.7637221440185906,782.0514754750368,13.593433925698815,755.4083449806672,808.6946059694064,1.0
9,0.8606760445971724,881.3322696675045,11.081096418415834,859.6133206874094,903.0512186475996,1.0
10,0.9351757480633812,957.6199660169024,7.878895730787151,942.1773303845596,973.0626016492452,1.0
11,0.982583211354746,1006.1652084272599,4.186187618512279,997.9602806949758,1014.370136159544,1.0
12,0.9999470421032736,1023.9457711137521,0.23286479854222797,1023.4893561086094,1024,1.0
